scenario,n,np_target,p_true,rho,conf_level,n_sim,Clopper–Pearson,Clopper–Pearson__coverage,Clopper–Pearson__reject_rate,Clopper–Pearson__lb_var,Clopper–Pearson__ub_var,Clopper–Pearson__len_var,Jeffreys,Jeffreys__coverage,Jeffreys__reject_rate,Jeffreys__lb_var,Jeffreys__ub_var,Jeffreys__len_var,Normal Approximation,Normal Approximation__coverage,Normal Approximation__reject_rate,Normal Approximation__lb_var,Normal Approximation__ub_var,Normal Approximation__len_var
Baseline,100,1.0,0.01,0.0,0.95,5000,"(0.053) [0.001, 0.054]",0.98,0.02,5.394638543138678e-06,0.0002741229775489,0.0002144730944348,"(0.042) [0.002, 0.045]",0.98,0.02,8.9315055887896e-06,0.0003266495343516,0.0002379787586642,"(0.026) [0.000, 0.026]",0.6432,0.3568,3.597700997807339e-07,0.0004858694376421,0.00047875240524
Clustered,100,1.0,0.01,0.1,0.95,5000,"(0.046) [0.004, 0.051]",0.9148,0.0852,0.0003783354176371,0.0018200526263061,0.0006268653388801,"(0.035) [0.005, 0.040]",0.9148,0.0852,0.0004074454172234,0.0019422671422616,0.0006570630476836,"(0.014) [0.003, 0.018]",0.152,0.848,0.0003391940337945,0.0022951628082394,0.0010827391325241
Low Default,100,0.4,0.004,0.0,0.95,5000,"(0.043) [0.000, 0.043]",0.9908,0.0092,6.859620669941193e-07,0.0001248063083737,0.0001114383880708,"(0.032) [0.001, 0.033]",0.9346,0.0654,1.65982265051784e-06,0.0001576536305582,0.0001305216339114,"(0.011) [0.000, 0.011]",0.331,0.669,1.5211153503469907e-09,0.0002728507305609,0.0002727235997653
Small Sample,50,1.0,0.02,0.0,0.95,5000,"(0.102) [0.002, 0.105]",0.9828,0.0172,2.0658149242130614e-05,0.0009860267181743,0.0007677235186447,"(0.082) [0.004, 0.086]",0.9828,0.0172,3.446390123861593e-05,0.0011861195813517,0.0008575690430599,"(0.050) [0.000, 0.050]",0.6398,0.3602,2.010351256856592e-06,0.0018676568073593,0.00183439210172
