scenario,n,np_target,p_true,rho,conf_level,n_sim,Clopper–Pearson,Clopper–Pearson__coverage,Clopper–Pearson__reject_rate,Clopper–Pearson__lb_var,Clopper–Pearson__ub_var,Clopper–Pearson__len_var,Jeffreys,Jeffreys__coverage,Jeffreys__reject_rate,Jeffreys__lb_var,Jeffreys__ub_var,Jeffreys__len_var,Normal Approximation,Normal Approximation__coverage,Normal Approximation__reject_rate,Normal Approximation__lb_var,Normal Approximation__ub_var,Normal Approximation__len_var
Baseline,100,1.0,0.01,0.0,0.95,10000,"(0.052) [0.001, 0.053]",0.9831,0.0169,4.789637154232619e-06,0.0002651304615415,0.0002098977253122,"(0.042) [0.002, 0.044]",0.9831,0.0169,8.120263214639497e-06,0.000317215366913,0.0002336628521275,"(0.025) [0.000, 0.025]",0.6287,0.3713,2.6797950403418164e-07,0.0004765353694119,0.000470864106261
Clustered,100,1.0,0.01,0.1,0.95,10000,"(0.046) [0.004, 0.050]",0.9129,0.0871,0.0002963494214382,0.0016078974916865,0.0006017911064893,"(0.035) [0.004, 0.040]",0.9129,0.0871,0.0003225873139034,0.0017255143366851,0.0006320503836758,"(0.014) [0.003, 0.017]",0.1563,0.8437,0.0002576423574911,0.002060595745386,0.0010563943052369
Low Default,100,0.4,0.004,0.0,0.95,10000,"(0.043) [0.000, 0.043]",0.9926,0.0074,6.479791646157529e-07,0.0001207706590286,0.0001082511116352,"(0.032) [0.001, 0.033]",0.9393,0.0607,1.56456639702117e-06,0.0001529233983953,0.0001271208798283,"(0.011) [0.000, 0.011]",0.3304,0.6696,2.78731628278262e-09,0.0002664323885727,0.0002661988819638
Small Sample,50,1.0,0.02,0.0,0.95,10000,"(0.102) [0.002, 0.105]",0.9833,0.0167,1.941287988559579e-05,0.0009863814213962,0.0007724728438725,"(0.082) [0.004, 0.086]",0.9833,0.0167,3.311041388690114e-05,0.0011881156407682,0.0008632386930205,"(0.050) [0.000, 0.050]",0.6365,0.3635,1.2497812314143798e-06,0.001874959177687,0.0018482491739031
