scenario,n,p_target,p_used,conf_level,Jeffreys,Jeffreys__coverage,Jeffreys__lb_var,Jeffreys__ub_var,Jeffreys__len_var,Clopper–Pearson,Clopper–Pearson__coverage,Clopper–Pearson__lb_var,Clopper–Pearson__ub_var,Clopper–Pearson__len_var,Normal Approximation,Normal Approximation__coverage,Normal Approximation__lb_var,Normal Approximation__ub_var,Normal Approximation__len_var
Baseline,1000,0.01,0.0099397993311036,0.95,"(0.012267) [0.005128, 0.017395]",0.9432,4.763822336933081e-06,1.6852386941021495e-05,3.7584288708827703e-06,"(0.013260) [0.004789, 0.018049]",0.9743,4.644652660870984e-06,1.6633548378569437e-05,3.765636200826883e-06,"(0.012075) [0.003815, 0.015890]",0.9203,4.703085675898414e-06,1.707805749521903e-05,3.9299475022348865e-06
Large Sample,10000,0.01,0.0099397993311036,0.95,"(0.003885) [0.008117, 0.012003]",0.9558,7.865310859881892e-07,1.1599825827553463e-06,3.6208165258941974e-08,"(0.003985) [0.008072, 0.012058]",0.9602,7.860894644704799e-07,1.1594496145928803e-06,3.620883303247773e-08,"(0.003880) [0.007979, 0.011858]",0.9526,7.867097393968863e-07,1.1609609388052208e-06,3.634318400421436e-08
Low Default,1000,0.001,0.001,0.95,"(0.004284) [0.000193, 0.004477]",0.9818,8.311006821808416e-08,3.372857083503879e-06,2.499702757798016e-06,"(0.005334) [0.000112, 0.005447]",0.9818,4.9967900276375974e-08,2.841325678038489e-06,2.2561139431112723e-06,"(0.003016) [-0.000517, 0.002499]",0.632,1.95361828278069e-07,4.824424580780699e-06,6.105089658117537e-06
Small Sample,100,0.01,0.0099397993311036,0.95,"(0.041906) [0.001943, 0.043849]",0.9813,8.498079845640052e-06,0.000319899456764,0.0002343866366933,"(0.052154) [0.001132, 0.053286]",0.9813,5.096409337389598e-06,0.000267811197478,0.0002107101681815,"(0.029798) [-0.005012, 0.024786]",0.6287,1.9352768993238455e-05,0.0004790869638074,0.0006010505416013
